category,listed_total,tracked,mean_rating,share_below_4_5,median_reviews,reviews_gained,top_app_share_of_growth
store-management-operations-analytics,1389,95,4.677,0.147,74,0,
marketing-and-conversion-upsell-and-bundles-upsell-and-cross-sell,1014,96,4.856,0.031,236,0,
store-design-site-optimization-seo,989,96,4.848,0.042,82,0,
marketing-and-conversion-promotions-discounts,968,96,4.885,0.021,143,0,
orders-and-shipping-shipping-solutions-shipping,930,95,4.594,0.232,73,0,
store-management-support-chat,873,95,4.827,0.063,54,0,
orders-and-shipping-inventory-inventory-sync,596,88,4.727,0.148,52,0,
finding-products-sourcing-options-dropshipping,562,94,4.647,0.181,41,0,
orders-and-shipping-shipping-solutions-delivery-and-pickup,543,95,4.618,0.126,49,0,
orders-and-shipping-inventory-inventory-optimization,510,88,4.735,0.17,19,0,
orders-and-shipping-shipping-solutions-shipping-rates,500,94,4.466,0.245,28,0,
store-management-operations-workflow-automation,497,88,4.674,0.182,18,0,
marketing-and-conversion-checkout-cart-customization,495,96,4.876,0.031,73,0,
selling-products-custom-products-product-variants,463,95,4.856,0.042,89,0,
store-management-operations-bulk-editor,447,92,4.738,0.12,23,0,
store-design-notifications-pop-ups,438,96,4.827,0.031,87,0,
store-design-content-product-content,431,68,4.49,0.265,6,0,
store-design-notifications-banners,414,92,4.726,0.13,25,0,
marketing-and-conversion-social-trust-product-reviews,410,95,4.777,0.105,94,0,
orders-and-shipping-orders-invoices-and-receipts,409,88,4.625,0.182,21,0,
sales-channels-selling-online-store-data-importer,399,89,4.645,0.213,11,0,
store-management-security-legal,395,91,4.678,0.11,9,0,
marketing-and-conversion-marketing-email-marketing,390,84,4.719,0.143,42,0,
marketing-and-conversion-upsell-and-bundles-product-bundles,387,96,4.858,0.052,136,0,
marketing-and-conversion-customer-loyalty-loyalty-and-rewards,386,95,4.848,0.074,77,0,
store-design-storefronts-page-builder,367,91,4.713,0.143,19,0,
orders-and-shipping-shipping-solutions-third-party-logistics-3pl,366,55,4.245,0.345,4,0,
store-design-design-elements-badges-and-icons,361,86,4.733,0.093,33,0,
marketing-and-conversion-advertising-ads,360,92,4.647,0.25,48,0,
store-design-images-and-media-image-editor,347,85,4.754,0.094,10,0,
finding-products-sourcing-options-print-on-demand-pod,336,83,4.482,0.253,28,0,
marketing-and-conversion-social-trust-social-proof,331,96,4.879,0.021,91,0,
marketing-and-conversion-marketing-abandoned-cart,321,92,4.726,0.141,38,0,
selling-products-pricing-pricing-optimization,305,85,4.767,0.129,18,0,
store-design-images-and-media-3d-ar-vr,298,66,4.727,0.106,4,0,
store-management-finances-accounting,288,92,4.596,0.207,22,0,
sales-channels-selling-online-product-feeds,276,85,4.687,0.2,11,0,
orders-and-shipping-orders-order-tracking,270,84,4.565,0.262,10,0,
marketing-and-conversion-upsell-and-bundles-stock-alerts,264,88,4.83,0.057,46,0,
store-design-images-and-media-video-and-livestream,259,91,4.864,0.066,20,0,
store-design-search-and-navigation-search-and-filters,250,73,4.566,0.192,11,0,
marketing-and-conversion-advertising-affiliate-programs,237,71,4.549,0.155,18,0,
finding-products-sourcing-options-wholesale,235,90,4.83,0.089,25,0,
store-design-images-and-media-image-gallery,234,89,4.769,0.079,32,0,
store-management-security-fraud,226,70,4.553,0.243,9,0,
sales-channels-selling-online-marketplaces,225,91,4.527,0.275,71,0,
orders-and-shipping-returns-and-warranty-returns-and-exchanges,215,86,4.764,0.105,13,0,
store-design-content-blogs,214,78,4.777,0.154,7,0,
store-management-support-helpdesk,213,67,4.622,0.179,12,0,
store-design-product-display-product-comparison,205,74,4.796,0.149,8,0,
marketing-and-conversion-customer-loyalty-wishlists,202,80,4.592,0.175,9,0,
store-management-security-accounts-and-login,194,81,4.684,0.173,18,0,
store-design-notifications-forms,182,76,4.557,0.211,15,0,
marketing-and-conversion-upsell-and-bundles-countdown-timer,173,67,4.497,0.224,9,0,
orders-and-shipping-inventory-erp,171,50,4.216,0.34,6,0,
store-design-internationalization-currency-and-translation,171,73,4.667,0.11,23,0,
selling-products-pricing-pricing-quotes,168,86,4.745,0.151,15,0,
selling-products-custom-products-custom-file-upload,162,68,4.719,0.147,8,0,
store-management-finances-taxes,157,69,4.245,0.333,9,0,
marketing-and-conversion-marketing-sms-marketing,152,74,4.409,0.216,14,0,
store-management-support-surveys,142,70,4.644,0.157,5,0,
orders-and-shipping-orders-order-editing,141,67,4.77,0.149,8,0,
store-design-search-and-navigation-navigation-and-menus,138,73,4.655,0.151,17,0,
sales-channels-selling-in-person-store-locator,136,64,4.625,0.141,5,0,
store-design-product-display-collections,136,70,4.496,0.243,8,0,
selling-products-payments-subscriptions,131,75,4.728,0.133,21,0,
sales-channels-selling-in-person-retail,128,69,4.372,0.261,8,0,
store-management-support-faq,124,45,4.738,0.156,15,0,
selling-products-digital-goods-and-services-event-booking,121,58,4.662,0.121,19,0,
store-design-site-optimization-accessibility,116,40,4.67,0.175,16,0,
marketing-and-conversion-checkout-order-limits,115,60,4.578,0.233,8,0,
store-design-design-elements-animation-and-effects,114,53,4.604,0.189,3,0,
selling-products-digital-goods-and-services-digital-products,108,58,4.695,0.121,22,0,
marketing-and-conversion-upsell-and-bundles-pre-orders,107,75,4.627,0.187,19,0,
store-design-storefronts-mobile-app-builder,101,60,4.853,0.1,13,0,
store-management-operations-staff-notifications,100,40,4.75,0.125,3,0,
store-management-security-anti-theft,90,47,4.323,0.362,4,0,
orders-and-shipping-returns-and-warranty-warranties-and-insurance,88,55,4.653,0.2,9,0,
selling-products-payments-payment-experience,87,35,4.169,0.371,7,0,
selling-products-payments-pay-later,86,55,4.615,0.2,4,0,
marketing-and-conversion-customer-loyalty-donations,81,55,4.793,0.145,6,0,
store-design-internationalization-cookie-consent,68,30,4.577,0.267,7,0,
marketing-and-conversion-gifts-gift-cards,52,33,4.745,0.242,16,0,
selling-products-digital-goods-and-services-nfts-and-tokengating,13,7,4.343,0.286,2,0,
